{"features": {"mean": [0.0006767029930157322, 0.0015092242746917509, 1.2502850967556631, 1.250182405519607, 0.000531907469561105, 0.0007879344122534, 1.691771108658621], "scale": [1.3233199526099213, 1.323833080444027, 0.432935772510847, 0.4331165474816697, 1.8130183142835392, 0.7070511310072457, 0.8010137161411655], "cols": ["x", "y", "l1", "l2", "theta_base", "cosine_term", "r"]}, "targets": {"mean": [0.0008362957121963157, 1.569833770940356], "scale": [1.8133558942971497, 0.9069473315697465], "cols": ["q1", "q2"]}}